Name,Email,Phone,Description
"""Miss Beatrice Murazik\u7684""",wcole@harber.com,425-800-0568,"Quod consectetur laboriosam voluptate cupiditate tempore harum autem ut. Ut in sit accusantium facilis ea dolores. Molestias rerum aut neque fuga. In aut voluptates aut qui non quo."
"""Gustave Balistreri""",uhackett@yahoo.com,442.438.6043,"Ut deleniti magnam tempore perferendis facere omnis. Ut dolores quae omnis deserunt quia. Eos autem eum est sequi. Laborum est dolores magni maiores. Incidunt animi dolorem illo ad accusantium."
"""Dr. Dario Bins II""",rasheed.stehr@bins.com,+1-323-621-3822,"Ut error sint quisquam dolorum. Beatae praesentium eius delectus quia dolores aperiam. Id reiciendis doloremque ab corporis exercitationem. Magnam quisquam aut ut cum."
"""Kellen Hirthe II""",ted65@okuneva.com,1-574-731-0848,"Odit incidunt tenetur earum sed velit explicabo nisi. Quo est tempore nobis sed perferendis quod. Non ea illum tempore optio quia accusantium incidunt. Iure veritatis eveniet id ipsam."
"""Ava Weimann IV""",leonor12@bauch.org,+1.570.403.9943,"Aut iure est consectetur soluta labore dolores ex. Sunt dignissimos rerum commodi qui. Corporis nisi quam reiciendis officiis numquam. Et distinctio enim id qui reiciendis."
"""Loyal Weimann""",maude.mayer@heaney.biz,+1-631-535-7612,"Quia sit atque quisquam voluptatem et. Laudantium at aliquam et minima nisi laudantium excepturi. Non iusto architecto eum dignissimos. Quia non eos aut quisquam itaque omnis qui. Et atque et quod."
"""Miss Alison Conroy MD""",margarette.hodkiewicz@yahoo.com,+1.575.891.0066,"Sit in provident nihil. In non eius est atque animi molestias tempore. Vel enim totam veniam tempore commodi pariatur. Neque quae tempora non aut."
"""Prof. Davion Terry Sr.""",xkreiger@feest.com,+1-267-594-0960,"Odit voluptatibus corrupti voluptatem blanditiis voluptas. Iste dolor veniam qui qui. Sit nobis neque quo. Qui cupiditate nostrum qui non accusamus quod."
"""Mrs. Aubree Adams Sr.""",deja.conroy@gmail.com,"(737) 370-4436","Dicta quo odit aspernatur excepturi et. Ducimus assumenda odit consectetur. Est eius qui voluptatum inventore molestias est numquam."
"""Noel Dibbert""",lind.linda@gmail.com,"+1 (845) 959-7495","Repellendus maiores voluptatum est esse facilis dolorem. Eum molestiae eaque consequatur est et sed. Ut et similique ut autem doloremque."